"who","color","heading","xcor","ycor","hidden.","this.district.cand","incumbent.","valence","util.temp","position.obs.d1","position.obs.d2","position.obs.d3","position.obs.last.d1","position.obs.last.d2","position.obs.last.d3"
"37961","15","39","0.86121792","-6.656404925","FALSE","156","TRUE","0.50724271","3.089701057","0.8612179197724182","-6.656404924827411","-0.9997195775643808","0.5020116636000652","-8.151584178092092","0.3609859678620408"
"39211","105","161","-2.248880653","5.361113453","FALSE","166","TRUE","0.516709778","1.152177819","-2.2488806530202945","5.361113453209985","3.474878333478295","-2.2960553351926536","5.286882358615311","3.6907933018081294"
"39322","15","261","-3.237255977","-2.001531962","FALSE","4","TRUE","0.161403781","2.56486801","-3.2372559765842452","-2.0015319617681357","-9.67131775323455","-3.339165637784398","0.8026413047822696","-3.6550284049750967"
"40151","15","39","6.780842243","-5.237751516","FALSE","18","TRUE","1.973098886","1.689635812","6.7808422433529065","-5.237751516222099","2.7652972704170855","0.5020116636000652","-8.151584178092092","0.3609859678620408"
"40341","15","39","2.84388942","-5.105253798","FALSE","162","TRUE","0.906086709","2.024726219","2.84388941953857","-5.1052537983673485","-1.9609349617744927","0.5020116636000652","-8.151584178092092","0.3609859678620408"
"40898","105","161","-5.503766844","6.120765885","FALSE","141","TRUE","2.122812166","2.241068832","-5.5037668444851064","6.120765885106571","3.9902313593102954","-2.2960553351926536","5.286882358615311","3.6907933018081294"
"40980","15","39","1.818791184","-7.138963797","FALSE","36","TRUE","0.69394723","0.455042422","1.8187911844382496","-7.138963797447226","0.5065809476654435","0.5020116636000652","-8.151584178092092","0.3609859678620408"
"41035","15","39","5.272745199","-9.549891646","FALSE","147","TRUE","1.397061665","2.162469729","5.2727451990354774","-9.549891646333133","-4.120722353931097","0.5020116636000652","-8.151584178092092","0.3609859678620408"
"41093","15","39","1.162990932","-5.406168098","FALSE","77","TRUE","0.529615544","3.867302568","1.1629909318629645","-5.40616809803462","-2.944971537888195","0.5020116636000652","-8.151584178092092","0.3609859678620408"
"41102","105","161","-4.96011682","1.035912328","FALSE","84","TRUE","0.508369446","1.13138106","-4.960116820424361","1.0359123283319405","5.2021479720597625","-2.2960553351926536","5.286882358615311","3.6907933018081294"
"41130","105","161","1.384986066","5.598505742","FALSE","95","TRUE","0.202024719","2.0179836","1.384986066033886","5.598505741605755","-1.9448324681712998","-2.2960553351926536","5.286882358615311","3.6907933018081294"
"41363","15","39","2.718578","-5.671443233","FALSE","51","TRUE","0.900743025","1.829487487","2.71857799964012","-5.671443233214814","-3.759292228154311","0.5020116636000652","-8.151584178092092","0.3609859678620408"
"41387","15","39","2.94127333","-5.634363704","FALSE","194","TRUE","1.010584551","10.43052308","2.941273330099386","-5.634363704218144","0.14843429110805673","0.5020116636000652","-8.151584178092092","0.3609859678620408"
"41436","105","161","-5.78318922","5.895797803","FALSE","48","TRUE","2.683532146","4.330276079","-5.7831892204775555","5.895797802841985","2.7102754477444977","-2.2960553351926536","5.286882358615311","3.6907933018081294"
"41492","105","161","-2.206450821","1.935230881","FALSE","197","TRUE","0.368965136","4.558407625","-2.206450820605138","1.9352308807705538","-3.762526566622881","-2.2960553351926536","5.286882358615311","3.6907933018081294"
"41590","15","39","4.731341513","-7.70178893","FALSE","113","TRUE","2.318341122","3.287602782","4.731341512515979","-7.701788929762095","-3.0926520734667218","0.5020116636000652","-8.151584178092092","0.3609859678620408"
"41615","15","39","5.499283508","-7.471672677","FALSE","193","TRUE","3.678376247","-0.325913725","5.499283507716819","-7.471672676713434","-2.3451478578336395","0.5020116636000652","-8.151584178092092","0.3609859678620408"
"41618","15","261","-1.547214713","-2.154398828","FALSE","158","TRUE","0.212501132","0.853373494","-1.5472147125536075","-2.154398828276596","-11.940943869838495","-3.339165637784398","0.8026413047822696","-3.6550284049750967"
"41688","15","39","1.992492862","-1.361654555","FALSE","61","TRUE","0.402856409","2.489787343","1.9924928615039499","-1.3616545546381886","2.473345952719545","0.5020116636000652","-8.151584178092092","0.3609859678620408"
"41711","15","39","4.415093159","-5.416367421","FALSE","190","TRUE","1.817996866","1.054801647","4.415093159247948","-5.41636742073608","-1.2179039397753297","0.5020116636000652","-8.151584178092092","0.3609859678620408"
"41713","15","39","2.653300562","-5.823508706","FALSE","115","TRUE","0.916438403","0.7065064","2.6533005617897034","-5.823508706233525","-0.4794320816266828","0.5020116636000652","-8.151584178092092","0.3609859678620408"
"41782","105","161","-5.916936249","8.043122458","FALSE","23","TRUE","1.675481986","7.403869014","-5.916936249483536","8.04312245766847","-2.6340894603383207","-2.2960553351926536","5.286882358615311","3.6907933018081294"
"41793","105","161","-6.365837592","4.51991569","FALSE","111","TRUE","1.9479972","1.642245899","-6.365837592396279","4.519915690485259","2.7016032801527663","-2.2960553351926536","5.286882358615311","3.6907933018081294"
"41827","105","161","-6.281120213","4.787504712","FALSE","94","TRUE","2.16369859","1.325049946","-6.281120213386741","4.787504711634673","2.8637629460434932","-2.2960553351926536","5.286882358615311","3.6907933018081294"
"41861","105","161","-3.242793365","8.167806718","FALSE","161","TRUE","0.668992514","3.112313982","-3.242793365291143","8.167806718406949","-0.7298512922151934","-2.2960553351926536","5.286882358615311","3.6907933018081294"
"41900","105","161","-2.975907102","3.757131492","FALSE","165","TRUE","0.584522929","2.535608395","-2.9759071024603383","3.7571314920726024","0.12143378313922781","-2.2960553351926536","5.286882358615311","3.6907933018081294"
"41904","105","161","-5.305312045","3.191632268","FALSE","29","TRUE","0.940581735","4.288496939","-5.305312044534897","3.191632267652791","5.178793298450919","-2.2960553351926536","5.286882358615311","3.6907933018081294"
"41909","105","161","-1.666884722","6.186595253","FALSE","52","TRUE","0.436949117","0.5779551","-1.6668847223995467","6.186595253479568","3.130460189316271","-2.2960553351926536","5.286882358615311","3.6907933018081294"
"41924","105","161","-2.51618203","1.607657253","FALSE","58","TRUE","0.377423508","5.527071361","-2.516182030036404","1.6076572527553024","-3.5356894660884706","-2.2960553351926536","5.286882358615311","3.6907933018081294"
"41976","105","161","-3.972319289","2.972605095","FALSE","42","TRUE","0.661323636","0.589660336","-3.972319289246448","2.97260509451287","-5.271855295007843","-2.2960553351926536","5.286882358615311","3.6907933018081294"
"41997","105","161","-4.055507922","2.495767637","FALSE","71","TRUE","0.634083386","2.622453933","-4.055507921824894","2.4957676370803146","0.6897744248689968","-2.2960553351926536","5.286882358615311","3.6907933018081294"
"42000","105","161","-0.504471915","5.186199209","FALSE","9","TRUE","0.301799418","3.270982702","-0.5044719154142729","5.1861992093199385","7.113877733878827","-2.2960553351926536","5.286882358615311","3.6907933018081294"
"42012","15","39","6.752659382","-5.090989312","FALSE","56","TRUE","1.898220672","8.668783157","6.752659382366265","-5.090989311921704","2.6393460432812934","0.5020116636000652","-8.151584178092092","0.3609859678620408"
"42111","15","261","-1.839523431","-1.691570961","FALSE","19","TRUE","0.197737283","9.218070895","-1.8395234311211346","-1.6915709611251313","-10.808733475455174","-3.339165637784398","0.8026413047822696","-3.6550284049750967"
"42112","15","39","3.16510608","1.970018299","FALSE","41","TRUE","0.269451056","0.817107862","3.165106080461067","1.9700182992692639","0.9875196875697307","0.5020116636000652","-8.151584178092092","0.3609859678620408"
"42134","105","161","-3.468597507","6.868151411","FALSE","139","TRUE","0.780789456","1.474280109","-3.468597507320293","6.8681514114522475","4.9444472871027285","-2.2960553351926536","5.286882358615311","3.6907933018081294"
"42180","105","161","-4.503934974","4.843908562","FALSE","131","TRUE","1.214482303","-0.226350104","-4.503934973990935","4.843908561722352","0.10359014968893665","-2.2960553351926536","5.286882358615311","3.6907933018081294"
"42208","105","161","-4.731697425","9.064885997","FALSE","93","TRUE","0.894876206","0.644288572","-4.7316974249704815","9.064885997332633","1.1670787611631053","-2.2960553351926536","5.286882358615311","3.6907933018081294"
"42248","15","39","0.426482257","-1.679395501","FALSE","73","TRUE","0.313733915","3.709923423","0.42648225710349275","-1.679395501430747","-0.17580344254750457","0.5020116636000652","-8.151584178092092","0.3609859678620408"
"42249","15","39","4.77691249","1.445357749","FALSE","157","TRUE","0.326473205","3.645024872","4.776912490299168","1.4453577492340055","1.2276082827662134","0.5020116636000652","-8.151584178092092","0.3609859678620408"
"42286","15","39","1.601571339","-9.339114792","FALSE","137","TRUE","0.55998915","0.973856329","1.6015713386668238","-9.339114792421814","1.0164037130153145","0.5020116636000652","-8.151584178092092","0.3609859678620408"
"42287","15","39","3.673458966","-6.760041631","FALSE","7","TRUE","1.499681578","2.514527636","3.673458965975973","-6.760041630965045","2.2814645154059643","0.5020116636000652","-8.151584178092092","0.3609859678620408"
"42292","15","39","3.485007189","0.881420392","FALSE","163","TRUE","0.333551812","0.530925609","3.485007188720764","0.881420392173413","-1.5195590985283745","0.5020116636000652","-8.151584178092092","0.3609859678620408"
"42326","15","39","3.053999337","1.844075809","FALSE","145","TRUE","0.272288793","4.855672485","3.0539993371864185","1.8440758091116507","1.8129200578203664","0.5020116636000652","-8.151584178092092","0.3609859678620408"
"42360","15","39","-0.294271273","-3.866738204","FALSE","0","TRUE","0.327134921","2.369674145","-0.2942712726202319","-3.866738203901523","3.4688673232568608","0.5020116636000652","-8.151584178092092","0.3609859678620408"
"42391","15","39","5.447369748","-4.659020457","FALSE","86","TRUE","1.867656835","-0.038114626","5.4473697477387155","-4.659020457156867","-0.5863746506827012","0.5020116636000652","-8.151584178092092","0.3609859678620408"
"42393","15","39","1.781270271","-7.990665685","FALSE","135","TRUE","0.659976065","3.936328981","1.7812702714930553","-7.990665685036243","2.2373163681530843","0.5020116636000652","-8.151584178092092","0.3609859678620408"
"42420","15","39","1.993716378","-2.602413084","FALSE","21","TRUE","0.490511216","4.5020004","1.99371637828924","-2.602413083912381","-1.4164380236892995","0.5020116636000652","-8.151584178092092","0.3609859678620408"
"42430","15","39","4.382521211","-8.439620292","FALSE","87","TRUE","1.73612784","-0.233966483","4.382521211190259","-8.439620291751742","0.20687566402245572","0.5020116636000652","-8.151584178092092","0.3609859678620408"
"42458","15","39","2.438511669","-2.893533834","FALSE","22","TRUE","0.554395547","3.065517368","2.4385116686260355","-2.8935338342767283","5.415483178172657","0.5020116636000652","-8.151584178092092","0.3609859678620408"
"42487","105","161","-3.999427367","0.832297741","FALSE","53","TRUE","0.428649853","1.36051342","-3.9994273674590177","0.8322977414714863","4.746274607358896","-2.2960553351926536","5.286882358615311","3.6907933018081294"
"42490","105","161","-3.983457476","-0.0901344","FALSE","206","TRUE","0.354644404","4.26096959","-3.9834574763777852","-0.09013440000027728","5.467216953940176","-2.2960553351926536","5.286882358615311","3.6907933018081294"
"42508","105","161","-1.985306754","4.972855157","FALSE","205","TRUE","0.471712761","2.308309635","-1.98530675417302","4.972855157449322","-2.8533575682715107","-2.2960553351926536","5.286882358615311","3.6907933018081294"
"42514","105","161","-3.497494214","-0.710663771","FALSE","186","TRUE","0.304052635","2.279162129","-3.497494214453411","-0.7106637710704033","-2.658586149463302","-2.2960553351926536","5.286882358615311","3.6907933018081294"
"42517","105","161","-7.826817603","2.711800743","FALSE","119","TRUE","0.776487109","1.817543216","-7.826817602692702","2.7118007426198845","6.376680290632418","-2.2960553351926536","5.286882358615311","3.6907933018081294"
"42522","105","161","-5.525239897","2.378568387","FALSE","151","TRUE","0.75851276","1.68553113","-5.5252398974493975","2.3785683874914065","-6.5198833667751614","-2.2960553351926536","5.286882358615311","3.6907933018081294"
"42526","105","161","-5.453697074","6.041937949","FALSE","183","TRUE","2.265666084","8.024035886","-5.453697074364772","6.0419379486882185","2.4830504241896465","-2.2960553351926536","5.286882358615311","3.6907933018081294"
"42551","105","161","-4.230759144","0.475362701","FALSE","185","TRUE","0.412501013","0.184640037","-4.230759144182031","0.4753627006034715","4.6691320410482255","-2.2960553351926536","5.286882358615311","3.6907933018081294"
"42558","105","161","-5.39706855","4.112532303","FALSE","12","TRUE","1.414329811","1.865542995","-5.397068549575769","4.1125323030348575","0.8063937905923266","-2.2960553351926536","5.286882358615311","3.6907933018081294"
"42574","105","161","0.714260202","6.539952934","FALSE","160","TRUE","0.233687422","2.132140277","0.7142602015089841","6.539952933844143","-3.4520709872278155","-2.2960553351926536","5.286882358615311","3.6907933018081294"
"42590","105","161","-1.433178864","1.829821204","FALSE","148","TRUE","0.309704078","3.854755968","-1.4331788642985512","1.8298212038349626","-0.11135522004291909","-2.2960553351926536","5.286882358615311","3.6907933018081294"
"42595","105","161","-1.572339402","5.825795557","FALSE","3","TRUE","0.424849491","3.362498773","-1.5723394016365129","5.825795556868364","2.7402501225866898","-2.2960553351926536","5.286882358615311","3.6907933018081294"
"42637","105","161","-3.273413607","6.329509695","FALSE","167","TRUE","0.764049989","6.080406165","-3.273413606590754","6.329509694534835","2.816147266860131","-2.2960553351926536","5.286882358615311","3.6907933018081294"
"42641","105","161","-3.411216842","2.91051552","FALSE","54","TRUE","0.580526592","1.449085685","-3.41121684203039","2.910515519550667","1.6398133047689205","-2.2960553351926536","5.286882358615311","3.6907933018081294"
"42648","105","161","-5.513430062","6.671820192","FALSE","69","TRUE","2.118032493","5.473610738","-5.513430062349645","6.671820192388346","3.454561598119548","-2.2960553351926536","5.286882358615311","3.6907933018081294"
"42661","105","161","-3.472310498","1.531340391","FALSE","134","TRUE","0.451726221","3.086607586","-3.4723104980770527","1.531340390687623","-4.372371673155523","-2.2960553351926536","5.286882358615311","3.6907933018081294"
"42667","105","161","-4.958628359","5.038124452","FALSE","101","TRUE","1.515648906","2.16499662","-4.958628359262036","5.038124451762019","2.108577870933112","-2.2960553351926536","5.286882358615311","3.6907933018081294"
"42680","105","161","-1.929725781","-1.284940058","FALSE","8","TRUE","0.225535513","3.818690522","-1.9297257814516096","-1.284940057981895","-2.1549433474144086","-2.2960553351926536","5.286882358615311","3.6907933018081294"
"42697","15","39","2.367588256","-4.734650291","FALSE","159","TRUE","0.739589931","1.579298038","2.367588256362621","-4.734650290794696","0.572070367443241","0.5020116636000652","-8.151584178092092","0.3609859678620408"
"42698","15","39","5.947476494","-5.589573221","FALSE","116","TRUE","2.733953173","2.473587282","5.947476493692584","-5.589573221456376","3.2899429884004254","0.5020116636000652","-8.151584178092092","0.3609859678620408"
"42701","15","39","2.832330283","-2.957471402","FALSE","114","TRUE","0.632580531","8.330925157","2.832330283109078","-2.9574714015485624","-1.2724251390885095","0.5020116636000652","-8.151584178092092","0.3609859678620408"
"42739","15","39","3.846461589","1.810270298","FALSE","5","TRUE","0.291050653","3.591236987","3.846461588580109","1.8102702980392713","0.19572761781072523","0.5020116636000652","-8.151584178092092","0.3609859678620408"
"42746","15","39","2.301219776","-6.426190194","FALSE","32","TRUE","0.825164269","4.998957014","2.3012197757655444","-6.426190193901986","-0.5036542246474334","0.5020116636000652","-8.151584178092092","0.3609859678620408"
"42780","15","39","3.553763139","-4.971380627","FALSE","90","TRUE","1.166328253","1.552697057","3.5537631389781863","-4.971380626919908","-0.2462100605009968","0.5020116636000652","-8.151584178092092","0.3609859678620408"
"42782","15","39","-2.192358822","-4.682736725","FALSE","192","TRUE","0.226152802","3.676563394","-2.1923588218634693","-4.682736724873116","-2.7701084670385607","0.5020116636000652","-8.151584178092092","0.3609859678620408"
"42785","15","39","3.789864029","1.506081007","FALSE","188","TRUE","0.303879638","8.185490962","3.789864028668798","1.5060810074990374","-3.2936253360545833","0.5020116636000652","-8.151584178092092","0.3609859678620408"
"42788","15","261","-2.204523497","-2.027714661","FALSE","170","TRUE","0.196183855","3.812989974","-2.2045234966039997","-2.027714660688898","-5.160607508478793","-3.339165637784398","0.8026413047822696","-3.6550284049750967"
"42790","15","39","5.802761657","-6.85045903","FALSE","55","TRUE","4.412536481","0.107464043","5.802761657461211","-6.850459030106425","-2.641888659599346","0.5020116636000652","-8.151584178092092","0.3609859678620408"
"42791","15","39","0.74520568","-1.571781445","FALSE","63","TRUE","0.329011626","2.197060316","0.7452056801894358","-1.5717814450313665","-1.2508391132439973","0.5020116636000652","-8.151584178092092","0.3609859678620408"
"42797","15","39","2.669570216","-2.711186997","FALSE","132","TRUE","0.580338553","1.175944201","2.669570216401619","-2.71118699717192","-2.0185544156715123","0.5020116636000652","-8.151584178092092","0.3609859678620408"
"42801","15","39","2.637912842","-5.643683197","FALSE","171","TRUE","0.883569817","0.437745622","2.6379128418898437","-5.643683197191827","-2.743341336835849","0.5020116636000652","-8.151584178092092","0.3609859678620408"
"42802","15","39","-0.861612734","-1.825043803","FALSE","144","TRUE","0.249006421","9.158858451","-0.861612733728093","-1.825043803005814","0.6931657816139765","0.5020116636000652","-8.151584178092092","0.3609859678620408"
"42812","15","39","3.691761097","-4.362325036","FALSE","89","TRUE","1.072797173","8.365340768","3.6917610974710255","-4.3623250362299055","1.257781914990575","0.5020116636000652","-8.151584178092092","0.3609859678620408"
"42817","15","39","3.555381072","-6.690432104","FALSE","172","TRUE","1.413025632","1.40998191","3.5553810721156878","-6.6904321042369475","2.275484388856768","0.5020116636000652","-8.151584178092092","0.3609859678620408"
"42821","15","39","3.097243976","-4.172501417","FALSE","201","TRUE","0.856827254","1.82290149","3.0972439759315558","-4.17250141713655","-0.48400053266151044","0.5020116636000652","-8.151584178092092","0.3609859678620408"
"42823","15","39","2.260361111","-5.341336002","FALSE","100","TRUE","0.759794408","1.265235339","2.2603611113573536","-5.341336001975674","1.3480747100304107","0.5020116636000652","-8.151584178092092","0.3609859678620408"
"42827","15","39","1.969325765","3.360305136","FALSE","204","TRUE","0.197932652","2.575981038","1.969325764519076","3.360305136201608","2.200239850130671","0.5020116636000652","-8.151584178092092","0.3609859678620408"
"42833","15","39","4.160895948","-3.480556992","FALSE","25","TRUE","0.970820822","3.587942399","4.1608959478347165","-3.480556992431956","-1.1381445028253505","0.5020116636000652","-8.151584178092092","0.3609859678620408"
"42844","15","39","-0.0136495","-6.192475214","FALSE","45","TRUE","0.392835618","1.752852352","-0.013649500088169897","-6.19247521432386","-0.956220565439132","0.5020116636000652","-8.151584178092092","0.3609859678620408"
"42849","15","39","0.40096622","-4.786783583","FALSE","65","TRUE","0.414808092","2.787518901","0.4009662195595318","-4.786783582707331","-1.2357512258986272","0.5020116636000652","-8.151584178092092","0.3609859678620408"
"42852","15","39","6.016812393","-0.076169565","FALSE","91","TRUE","0.456547472","5.102841511","6.016812393351345","-0.07616956484652748","1.9870301494428029","0.5020116636000652","-8.151584178092092","0.3609859678620408"
"42855","15","39","4.384057841","0.456101849","FALSE","78","TRUE","0.388943327","0.603698215","4.384057840616703","0.456101848809908","-0.10412818413155533","0.5020116636000652","-8.151584178092092","0.3609859678620408"
"42861","15","39","8.220181177","-3.356220531","FALSE","24","TRUE","0.770149962","2.293530336","8.220181177142843","-3.3562205309237094","3.8757019292870227","0.5020116636000652","-8.151584178092092","0.3609859678620408"
"42877","15","261","-3.026365663","-4.320196228","FALSE","66","TRUE","0.187000264","3.654681384","-3.026365662856569","-4.320196228016066","-7.501302000661069","-3.339165637784398","0.8026413047822696","-3.6550284049750967"
"42878","15","39","5.463949744","-4.368558789","FALSE","179","TRUE","1.60992733","0.170840331","5.463949744210461","-4.368558789446178","2.900914520758864","0.5020116636000652","-8.151584178092092","0.3609859678620408"
"42885","15","39","4.052520333","-1.84726907","FALSE","74","TRUE","0.62646031","0.184341465","4.052520332515504","-1.8472690704544483","1.505118627066643","0.5020116636000652","-8.151584178092092","0.3609859678620408"
"42888","15","39","1.706208258","-1.195183459","FALSE","14","TRUE","0.374328013","2.348441628","1.7062082583881333","-1.1951834590603763","0.32829734022034485","0.5020116636000652","-8.151584178092092","0.3609859678620408"
"42889","15","39","-1.478291495","-0.567307367","FALSE","83","TRUE","0.20082328","8.595925688","-1.4782914948340649","-0.5673073674121123","0.25240641975206723","0.5020116636000652","-8.151584178092092","0.3609859678620408"
"42899","15","39","2.194617748","-4.379440343","FALSE","62","TRUE","0.669452706","1.138271289","2.1946177476731674","-4.379440342618197","0.7635970283961572","0.5020116636000652","-8.151584178092092","0.3609859678620408"
"42900","15","39","4.133087522","-1.226524522","FALSE","198","TRUE","0.541995189","0.71957274","4.133087522016057","-1.2265245218641228","-3.029782120366468","0.5020116636000652","-8.151584178092092","0.3609859678620408"
"42901","15","39","4.478201635","-6.740731642","FALSE","76","TRUE","2.412189935","1.112903876","4.478201634927318","-6.740731641515742","0.2703497840775084","0.5020116636000652","-8.151584178092092","0.3609859678620408"
"42902","15","39","3.466872947","-4.400677683","FALSE","37","TRUE","0.971712809","1.220937824","3.4668729470600557","-4.400677683494441","4.348836520372414","0.5020116636000652","-8.151584178092092","0.3609859678620408"
"42912","15","39","0.486550139","0.244006146","FALSE","57","TRUE","0.251805283","0.788774823","0.4865501394478571","0.2440061462286316","-1.315677522630737","0.5020116636000652","-8.151584178092092","0.3609859678620408"
"42918","15","39","2.787568455","-4.902368465","FALSE","174","TRUE","0.835708581","2.050934488","2.787568455206369","-4.9023684649386166","5.046516207801985","0.5020116636000652","-8.151584178092092","0.3609859678620408"
"42919","15","39","4.964288206","-3.939691847","FALSE","176","TRUE","1.299893253","4.74388648","4.964288206282071","-3.939691846717137","-1.9489368520470327","0.5020116636000652","-8.151584178092092","0.3609859678620408"
"42928","15","39","2.538808809","-8.94551981","FALSE","27","TRUE","0.774589089","3.585005956","2.5388088091448893","-8.945519810259132","3.1102895025415385","0.5020116636000652","-8.151584178092092","0.3609859678620408"
"42931","105","161","-0.887881901","3.166220541","FALSE","108","TRUE","0.305534895","6.600745441","-0.8878819011887897","3.166220541396325","4.578781602366855","-2.2960553351926536","5.286882358615311","3.6907933018081294"
"42933","105","161","-6.173724985","6.11607227","FALSE","140","TRUE","3.213013595","-1.004047213","-6.173724984964435","6.116072269580327","3.010944361351314","-2.2960553351926536","5.286882358615311","3.6907933018081294"
"42940","105","161","-0.121579202","5.553937272","FALSE","103","TRUE","0.284158529","0.674494795","-0.12157920230717956","5.553937272353498","3.080041818480278","-2.2960553351926536","5.286882358615311","3.6907933018081294"
"42948","105","161","-0.956496646","6.977627901","FALSE","6","TRUE","0.351823413","2.590995648","-0.9564966463149258","6.977627900867055","3.073862396416278","-2.2960553351926536","5.286882358615311","3.6907933018081294"
"42951","105","161","-2.587385927","2.273012731","FALSE","191","TRUE","0.425292529","3.221165693","-2.5873859270214714","2.2730127305685803","-2.370984292522465","-2.2960553351926536","5.286882358615311","3.6907933018081294"
"42956","105","161","-2.066081209","-2.36364034","FALSE","164","TRUE","0.197919575","0.869591765","-2.0660812088705023","-2.363640340262562","-1.7833922940309281","-2.2960553351926536","5.286882358615311","3.6907933018081294"
"42958","105","161","-0.988923246","3.514248914","FALSE","68","TRUE","0.323647355","4.1753317","-0.9889232457324291","3.5142489142482827","3.417887278217898","-2.2960553351926536","5.286882358615311","3.6907933018081294"
"42975","105","161","-4.927289056","4.479617807","FALSE","50","TRUE","1.344819665","2.623949759","-4.927289055555055","4.479617807140194","-0.49757398269783315","-2.2960553351926536","5.286882358615311","3.6907933018081294"
"42982","105","161","-5.702830664","7.354540356","FALSE","60","TRUE","1.914836358","4.747324063","-5.70283066442083","7.354540356328395","3.606554620930303","-2.2960553351926536","5.286882358615311","3.6907933018081294"
"42990","105","161","-1.937375704","4.45922602","FALSE","98","TRUE","0.438420432","1.486373716","-1.9373757042381428","4.459226019616011","5.4649860162422685","-2.2960553351926536","5.286882358615311","3.6907933018081294"
"42991","105","161","-4.358223052","3.515581934","FALSE","80","TRUE","0.864209112","4.803721834","-4.358223052430859","3.5155819338621566","0.9814730668607814","-2.2960553351926536","5.286882358615311","3.6907933018081294"
"43004","105","161","-4.592736602","5.840719244","FALSE","128","TRUE","1.407200161","2.61986253","-4.592736602033385","5.8407192436791115","-2.4741868162107394","-2.2960553351926536","5.286882358615311","3.6907933018081294"
"43012","105","161","-3.605767135","4.966518314","FALSE","143","TRUE","0.825556342","0.556353916","-3.6057671352980742","4.966518314049681","2.7883695690572035","-2.2960553351926536","5.286882358615311","3.6907933018081294"
"43013","105","161","-5.806894914","6.995769928","FALSE","97","TRUE","2.550274153","2.667075534","-5.806894914114425","6.995769927620092","1.096358385267592","-2.2960553351926536","5.286882358615311","3.6907933018081294"
"43020","105","161","-5.381768189","6.144590896","FALSE","155","TRUE","2.303813659","1.557463224","-5.381768188637338","6.144590895753673","0.9269791434549712","-2.2960553351926536","5.286882358615311","3.6907933018081294"
"43021","105","161","-2.725270057","4.290466104","FALSE","75","TRUE","0.568644863","1.063186083","-2.7252700570463073","4.290466103742181","2.1217103882429944","-2.2960553351926536","5.286882358615311","3.6907933018081294"
"43027","105","161","-6.948063764","3.030254686","FALSE","169","TRUE","0.935316034","0.423422104","-6.948063764321781","3.0302546855945427","-7.53656895336656","-2.2960553351926536","5.286882358615311","3.6907933018081294"
"43043","105","161","-5.578504407","6.451174523","FALSE","2","TRUE","2.329948083","2.374573544","-5.578504407157446","6.451174523086646","2.993681252656782","-2.2960553351926536","5.286882358615311","3.6907933018081294"
"43044","105","161","-6.242889446","4.332639794","FALSE","189","TRUE","1.718920293","2.125105637","-6.2428894461060125","4.332639793911027","3.4943837747585977","-2.2960553351926536","5.286882358615311","3.6907933018081294"
"43046","105","161","-5.131374399","0.145487327","FALSE","181","TRUE","0.417431137","0.71232345","-5.131374399053636","0.1454873273388182","6.07437031893118","-2.2960553351926536","5.286882358615311","3.6907933018081294"
"43048","105","161","-5.716059196","4.881474205","FALSE","200","TRUE","2.089176309","1.456622629","-5.716059196151942","4.881474205122347","1.0008223203084672","-2.2960553351926536","5.286882358615311","3.6907933018081294"
"43051","105","161","-1.699830987","4.286045478","FALSE","39","TRUE","0.408238515","0.737615074","-1.6998309873875654","4.28604547843785","4.7297723858258625","-2.2960553351926536","5.286882358615311","3.6907933018081294"
"43054","105","161","-8.702276492","1.354156092","FALSE","59","TRUE","0.485203746","2.977021298","-8.702276491776662","1.3541560922819276","6.796827168219526","-2.2960553351926536","5.286882358615311","3.6907933018081294"
"43056","105","161","-1.085104104","-2.517969381","FALSE","15","TRUE","0.172523079","3.248363412","-1.0851041040809752","-2.517969380535913","-0.35236073681189417","-2.2960553351926536","5.286882358615311","3.6907933018081294"
"43061","105","161","0.070751647","2.472774838","FALSE","107","TRUE","0.232642423","6.105852306","0.07075164740921736","2.4727748375960275","6.04560589447631","-2.2960553351926536","5.286882358615311","3.6907933018081294"
"43062","105","161","-0.328198132","2.120853944","FALSE","123","TRUE","0.247672379","3.590505558","-0.3281981322355345","2.120853943951252","4.890629963095293","-2.2960553351926536","5.286882358615311","3.6907933018081294"
"43063","105","161","0.097073768","4.257954442","FALSE","175","TRUE","0.255921041","3.466709425","0.09707376803109147","4.257954441695782","5.919202888037497","-2.2960553351926536","5.286882358615311","3.6907933018081294"
"43064","105","161","-1.741980861","6.951857567","FALSE","43","TRUE","0.438107089","2.340820523","-1.7419808606507268","6.951857567149062","4.091234207475921","-2.2960553351926536","5.286882358615311","3.6907933018081294"
"43068","105","161","-3.783178276","7.773585225","FALSE","120","TRUE","0.857211943","9.932628593","-3.783178276231176","7.7735852252720345","-0.0021155257088036894","-2.2960553351926536","5.286882358615311","3.6907933018081294"
"43076","105","161","-2.706934399","-0.377400531","FALSE","149","TRUE","0.285112311","4.642134662","-2.7069343992105934","-0.37740053088753256","4.327644686836741","-2.2960553351926536","5.286882358615311","3.6907933018081294"
"43079","105","161","-3.378982234","5.156957074","FALSE","10","TRUE","0.782046394","9.216398786","-3.378982234298384","5.156957074000239","-1.4006300517739243","-2.2960553351926536","5.286882358615311","3.6907933018081294"
"43084","105","161","-0.213026747","5.632047171","FALSE","28","TRUE","0.285752389","2.517030696","-0.21302674671748212","5.632047171379025","6.035560235173362","-2.2960553351926536","5.286882358615311","3.6907933018081294"
"43088","105","161","-1.122246433","-1.297649356","FALSE","199","TRUE","0.200683235","0.677403414","-1.1222464331140425","-1.297649355942813","-2.5558063468636796","-2.2960553351926536","5.286882358615311","3.6907933018081294"
"43095","105","161","-2.732643116","7.741948","FALSE","67","TRUE","0.564998384","2.683233553","-2.732643116205312","7.741947999805906","5.129627319087037","-2.2960553351926536","5.286882358615311","3.6907933018081294"
"43104","105","161","-6.093130658","4.07419","FALSE","118","TRUE","1.399963577","1.298766334","-6.09313065844746","4.074190000322225","-6.120307299821983","-2.2960553351926536","5.286882358615311","3.6907933018081294"
"43106","105","161","-0.048119947","4.878051621","FALSE","154","TRUE","0.274649874","2.253539563","-0.04811994685946419","4.8780516212520135","3.3640118865185076","-2.2960553351926536","5.286882358615311","3.6907933018081294"
"43109","105","161","-5.023211206","3.799565509","FALSE","30","TRUE","1.124925052","13.09125099","-5.023211206379564","3.7995655087359737","2.1145207511395117","-2.2960553351926536","5.286882358615311","3.6907933018081294"
"43113","105","161","-1.195536681","5.23477704","FALSE","106","TRUE","0.363762978","4.62681746","-1.195536680501355","5.234777039705885","6.624871798074313","-2.2960553351926536","5.286882358615311","3.6907933018081294"
"43119","105","161","-6.869662653","6.211100517","FALSE","127","TRUE","2.989581104","8.38617339","-6.869662653337068","6.211100516645453","3.401567656115158","-2.2960553351926536","5.286882358615311","3.6907933018081294"
"43121","105","161","-4.648933816","0.801187857","FALSE","142","TRUE","0.468140439","2.504553352","-4.6489338158599764","0.8011878566947028","4.441095611492634","-2.2960553351926536","5.286882358615311","3.6907933018081294"
"43128","105","161","-1.637315904","4.15026962","FALSE","96","TRUE","0.404017223","1.792816663","-1.6373159043374415","4.150269619978466","2.48812964417057","-2.2960553351926536","5.286882358615311","3.6907933018081294"
"43131","105","161","0.876328888","4.380701812","FALSE","13","TRUE","0.215401191","5.462704479","0.8763288882066433","4.38070181214846","6.567318074948451","-2.2960553351926536","5.286882358615311","3.6907933018081294"
"43137","105","161","-2.717251438","2.512034711","FALSE","152","TRUE","0.452124977","7.042182035","-2.7172514382830473","2.5120347108435555","2.6923616943714537","-2.2960553351926536","5.286882358615311","3.6907933018081294"
"43143","105","161","-4.760794187","6.254922252","FALSE","180","TRUE","1.49525782","2.36826214","-4.760794187050904","6.254922252022949","3.109043366654542","-2.2960553351926536","5.286882358615311","3.6907933018081294"
"43151","105","161","-0.403377518","0.669081916","FALSE","40","TRUE","0.222840507","7.711036226","-0.4033775181959811","0.669081916374804","-1.3841086647379481","-2.2960553351926536","5.286882358615311","3.6907933018081294"
"43157","15","39","2.215907006","-4.246664574","FALSE","104","TRUE","0.662267353","1.143525456","2.215907006176986","-4.246664573613399","0.7195530760297224","0.5020116636000652","-8.151584178092092","0.3609859678620408"
"43160","15","39","5.946034293","0.914955677","FALSE","136","TRUE","0.369277799","1.178186715","5.946034293499403","0.9149556773378813","2.19472559253292","0.5020116636000652","-8.151584178092092","0.3609859678620408"
"43165","15","39","1.277164075","0.740609818","FALSE","31","TRUE","0.263912281","2.768357065","1.2771640751601068","0.7406098184520635","-2.14855448568579","0.5020116636000652","-8.151584178092092","0.3609859678620408"
"43167","15","39","-0.659522242","-5.992370054","FALSE","187","TRUE","0.330924038","15.19882844","-0.6595222417591993","-5.992370054191623","-1.8011133522258524","0.5020116636000652","-8.151584178092092","0.3609859678620408"
"43172","15","39","3.651002181","0.239626477","FALSE","1","TRUE","0.379879368","0.951511815","3.6510021810946864","0.23962647695263062","-3.0378084182926104","0.5020116636000652","-8.151584178092092","0.3609859678620408"
"43173","15","39","5.350533698","-6.222975933","FALSE","17","TRUE","3.74188725","4.113865923","5.3505336977255915","-6.222975933213306","-1.1133717205477618","0.5020116636000652","-8.151584178092092","0.3609859678620408"
"43175","15","39","4.888327335","0.448372632","FALSE","82","TRUE","0.397983283","5.935327838","4.888327334891759","0.4483726324090114","-2.6216747510838645","0.5020116636000652","-8.151584178092092","0.3609859678620408"
"43176","15","39","6.185919644","-2.810924254","FALSE","122","TRUE","0.942113898","2.839746966","6.185919643907269","-2.810924253987949","1.3827479582936384","0.5020116636000652","-8.151584178092092","0.3609859678620408"
"43178","15","39","2.726330984","-5.451162475","FALSE","125","TRUE","0.903968102","13.78487233","2.726330983960823","-5.451162475168559","2.3063982156272735","0.5020116636000652","-8.151584178092092","0.3609859678620408"
"43182","15","39","4.378914397","-6.262723473","FALSE","44","TRUE","2.170913172","1.00473989","4.3789143971897175","-6.262723472701849","0.39467412857515516","0.5020116636000652","-8.151584178092092","0.3609859678620408"
"43186","15","39","2.183258348","-5.828589379","FALSE","35","TRUE","0.768959743","0.780595477","2.183258347567825","-5.8285893793549235","0.35364741390465637","0.5020116636000652","-8.151584178092092","0.3609859678620408"
"43187","15","39","4.361663951","-4.51651021","FALSE","117","TRUE","1.375122552","9.350104018","4.361663951063962","-4.516510209519888","-1.1542431476696","0.5020116636000652","-8.151584178092092","0.3609859678620408"
"43189","15","39","2.957061842","4.278806086","FALSE","110","TRUE","0.187093842","1.679703815","2.957061842198923","4.278806085970556","1.6369483221021883","0.5020116636000652","-8.151584178092092","0.3609859678620408"
"43195","15","39","5.004459908","-4.624225898","FALSE","150","TRUE","1.708455044","4.534107362","5.004459908265886","-4.62422589834435","0.5785938478651664","0.5020116636000652","-8.151584178092092","0.3609859678620408"
"43198","15","39","1.769619083","-2.297788316","FALSE","105","TRUE","0.446887925","0.694064141","1.7696190826746543","-2.2977883162510477","-0.4596111890349206","0.5020116636000652","-8.151584178092092","0.3609859678620408"
"43205","15","261","-3.514362377","-3.704759889","FALSE","203","TRUE","0.166971521","3.34543828","-3.5143623771223877","-3.704759888830273","-8.757678297154362","-3.339165637784398","0.8026413047822696","-3.6550284049750967"
"43208","15","39","0.205477488","-6.227048183","FALSE","182","TRUE","0.41754479","5.189694199","0.2054774875341271","-6.227048182705018","-0.356050972904683","0.5020116636000652","-8.151584178092092","0.3609859678620408"
"43209","15","39","0.580798007","-2.521195198","FALSE","168","TRUE","0.355527351","2.392067194","0.5807980072374899","-2.521195197793727","0.919526200098655","0.5020116636000652","-8.151584178092092","0.3609859678620408"
"43212","15","39","2.913373485","-5.507181309","FALSE","184","TRUE","0.985879676","5.723129931","2.9133734851608892","-5.5071813086444115","0.11656229781883398","0.5020116636000652","-8.151584178092092","0.3609859678620408"
"43219","15","39","5.936409187","-7.065431612","FALSE","102","TRUE","4.431851308","5.423316041","5.936409186572768","-7.06543161164902","-2.347872604261978","0.5020116636000652","-8.151584178092092","0.3609859678620408"
"43220","15","39","4.833733776","-7.588235566","FALSE","99","TRUE","2.674496325","2.337799946","4.833733775580685","-7.58823556582664","1.965871440632582","0.5020116636000652","-8.151584178092092","0.3609859678620408"
"43224","15","39","2.396317085","-3.787508433","FALSE","70","TRUE","0.652937195","3.159108023","2.3963170846199233","-3.7875084334387603","-0.6911506830613897","0.5020116636000652","-8.151584178092092","0.3609859678620408"
"43227","15","39","2.645004111","-5.957169102","FALSE","153","TRUE","0.912911738","0.629126762","2.6450041114583205","-5.957169102478538","2.5884344396507784","0.5020116636000652","-8.151584178092092","0.3609859678620408"
"43230","15","39","2.202652998","-7.336847879","FALSE","88","TRUE","0.790040372","3.385118644","2.202652997934324","-7.336847878574675","-1.6032224960349826","0.5020116636000652","-8.151584178092092","0.3609859678620408"
"43232","15","39","2.035668473","0.277595476","FALSE","34","TRUE","0.313241113","6.009757685","2.035668473345674","0.2775954758422299","-1.8053934348857745","0.5020116636000652","-8.151584178092092","0.3609859678620408"
"43233","15","39","2.561130772","2.768095136","FALSE","129","TRUE","0.225425835","3.156392321","2.561130772259041","2.768095136209396","-3.323928497852859","0.5020116636000652","-8.151584178092092","0.3609859678620408"
"43235","15","39","3.641050148","1.652926554","FALSE","124","TRUE","0.294759252","1.21026393","3.641050148461035","1.6529265540918927","1.3438031655412732","0.5020116636000652","-8.151584178092092","0.3609859678620408"
"43238","15","39","1.173755946","-5.825453856","FALSE","11","TRUE","0.544782704","1.952670343","1.1737559456786117","-5.825453855986543","-2.213713029392415","0.5020116636000652","-8.151584178092092","0.3609859678620408"
"43239","15","39","3.921541834","-8.391803082","FALSE","47","TRUE","1.40718152","0.845451134","3.9215418341656467","-8.391803082338118","3.04765739314682","0.5020116636000652","-8.151584178092092","0.3609859678620408"
"43245","15","39","0.732113665","-1.471220886","FALSE","202","TRUE","0.323589315","0.783455709","0.7321136645246451","-1.4712208863844811","2.4864362378383276","0.5020116636000652","-8.151584178092092","0.3609859678620408"
"43246","15","39","-3.192511841","-9.286602761","FALSE","49","TRUE","0.185112105","2.170043021","-3.1925118409526205","-9.28660276107124","2.7598243802958295","0.5020116636000652","-8.151584178092092","0.3609859678620408"
"43247","15","39","1.405478436","-4.398792098","FALSE","133","TRUE","0.531380646","5.859205971","1.4054784356905063","-4.398792097614938","-0.32286351806114555","0.5020116636000652","-8.151584178092092","0.3609859678620408"
"43249","15","39","0.633615527","-1.953977988","FALSE","38","TRUE","0.336369489","2.210378607","0.6336155265585153","-1.9539779880420527","-1.9240861654838526","0.5020116636000652","-8.151584178092092","0.3609859678620408"
"43251","15","39","1.125368717","-1.353825949","FALSE","64","TRUE","0.34387348","3.759034722","1.1253687169769102","-1.3538259485157793","-1.1538914210327456","0.5020116636000652","-8.151584178092092","0.3609859678620408"
"43253","15","39","0.615584489","1.65169974","FALSE","46","TRUE","0.215222402","1.202185709","0.6155844888513162","1.651699740081338","-1.5976693847353352","0.5020116636000652","-8.151584178092092","0.3609859678620408"
"43256","15","39","0.779103195","-10.4274973","FALSE","126","TRUE","0.402696851","9.040753277","0.7791031952689589","-10.427497301156988","1.3884292797232165","0.5020116636000652","-8.151584178092092","0.3609859678620408"
"43257","15","39","5.906195582","-5.772821028","FALSE","81","TRUE","3.164922349","3.806349045","5.906195581964504","-5.772821028303064","2.3287939409063867","0.5020116636000652","-8.151584178092092","0.3609859678620408"
"43261","15","39","1.600249808","-7.703893463","FALSE","92","TRUE","0.619693775","2.438316893","1.6002498075320202","-7.703893463076206","4.396203408435498","0.5020116636000652","-8.151584178092092","0.3609859678620408"
"43263","15","39","1.822110914","-2.916805758","FALSE","196","TRUE","0.494087315","10.40975306","1.8221109142519296","-2.916805757558455","-1.2868370684001762","0.5020116636000652","-8.151584178092092","0.3609859678620408"
"43265","15","39","3.336414688","-7.743563242","TRUE","123","FALSE","2.412189935","1.112903876","3.336414688070984","-7.743563242022157","0.5819108121235508","0.5020116636000652","-8.151584178092092","0.3609859678620408"
"43266","15","39","-4.066488392","-8.163226083","TRUE","106","FALSE","0.185112105","2.170043021","-4.066488392010885","-8.163226083288082","2.6257687054537167","0.5020116636000652","-8.151584178092092","0.3609859678620408"
"43267","15","39","3.940040394","-6.822104451","TRUE","121","FALSE","0.903968102","13.78487233","3.940040393862974","-6.822104450734047","3.7460335666068447","0.5020116636000652","-8.151584178092092","0.3609859678620408"
"43268","15","39","-0.962624078","0.761852927","TRUE","109","FALSE","0.251805283","0.788774823","-0.9626240776350543","0.7618529268878689","-2.099906726435338","0.5020116636000652","-8.151584178092092","0.3609859678620408"
"43269","15","39","1.712542331","-8.88046578","TRUE","154","FALSE","0.619693775","2.438316893","1.7125423308685293","-8.88046577954615","5.254981138229059","0.5020116636000652","-8.151584178092092","0.3609859678620408"
"43270","15","261","-1.066401436","-0.81585097","TRUE","149","FALSE","0.197737283","9.218070895","-1.066401435692353","-0.8158509701281916","-11.59774725857962","-3.339165637784398","0.8026413047822696","-3.6550284049750967"
"43271","15","39","0.890032702","-1.427627985","TRUE","164","FALSE","0.446887925","0.694064141","0.8900327023599153","-1.4276279854671046","-1.5160414546060423","0.5020116636000652","-8.151584178092092","0.3609859678620408"
"43272","15","39","1.726371329","-8.447981889","TRUE","3","FALSE","0.619693775","2.438316893","1.7263713292479164","-8.447981889185252","4.170396257460915","0.5020116636000652","-8.151584178092092","0.3609859678620408"
"43273","15","39","3.179574992","-3.545679779","TRUE","60","FALSE","0.446887925","0.694064141","3.1795749923878107","-3.5456797789533026","-1.9115262360825096","0.5020116636000652","-8.151584178092092","0.3609859678620408"
"43274","15","39","2.433538322","5.604206734","TRUE","142","FALSE","0.187093842","1.679703815","2.433538322009803","5.604206734335886","2.6827345757664136","0.5020116636000652","-8.151584178092092","0.3609859678620408"
"43275","15","39","2.016799838","-4.21222541","TRUE","67","FALSE","0.971712809","1.220937824","2.016799838008764","-4.212225409903893","4.1155158829258145","0.5020116636000652","-8.151584178092092","0.3609859678620408"
"43276","15","39","1.380260983","-2.132813523","TRUE","9","FALSE","0.355527351","2.392067194","1.3802609830850434","-2.132813523396576","2.2693310653917234","0.5020116636000652","-8.151584178092092","0.3609859678620408"
"43277","15","39","-1.458321556","-7.379241675","TRUE","141","FALSE","0.392835618","1.752852352","-1.458321555987185","-7.37924167494291","-1.9183793195740488","0.5020116636000652","-8.151584178092092","0.3609859678620408"
"43278","15","39","3.787758467","-6.183432886","TRUE","177","FALSE","1.166328253","1.552697057","3.7877584668447772","-6.183432885726271","-0.24796122644864982","0.5020116636000652","-8.151584178092092","0.3609859678620408"
"43279","15","39","1.884471894","-1.081852276","TRUE","186","FALSE","0.329011626","2.197060316","1.884471893916152","-1.0818522761437508","-0.05984032361256375","0.5020116636000652","-8.151584178092092","0.3609859678620408"
"43280","15","39","2.617977487","0.154049095","TRUE","175","FALSE","0.294759252","1.21026393","2.6179774866344694","0.1540490953862279","1.457053283650181","0.5020116636000652","-8.151584178092092","0.3609859678620408"
"43281","15","39","1.075555025","-3.30323411","TRUE","161","FALSE","0.327134921","2.369674145","1.0755550247591579","-3.3032341102710574","3.9281874173106637","0.5020116636000652","-8.151584178092092","0.3609859678620408"
"43282","15","39","2.889956074","-6.30539095","TRUE","52","FALSE","0.916438403","0.7065064","2.8899560741323858","-6.305390949939922","-1.6817311721172223","0.5020116636000652","-8.151584178092092","0.3609859678620408"
"43283","15","261","-3.514207669","-2.694543815","TRUE","33","FALSE","0.196183855","3.812989974","-3.5142076688087487","-2.6945438146676923","-5.231273911130242","-3.339165637784398","0.8026413047822696","-3.6550284049750967"
"43284","15","39","3.371078389","-1.190335506","TRUE","128","FALSE","0.379879368","0.951511815","3.3710783886957008","-1.1903355062567957","-2.275065196924824","0.5020116636000652","-8.151584178092092","0.3609859678620408"
"43285","15","39","4.371141365","-4.379630636","TRUE","30","FALSE","0.856827254","1.82290149","4.371141364818935","-4.379630636165578","-0.7225440376719565","0.5020116636000652","-8.151584178092092","0.3609859678620408"
"43286","15","39","0.949545231","-8.341726274","TRUE","6","FALSE","0.69394723","0.455042422","0.9495452305684808","-8.341726274020754","-0.45787553791963553","0.5020116636000652","-8.151584178092092","0.3609859678620408"
"43287","15","39","3.922054374","-4.950356757","TRUE","75","FALSE","0.652937195","3.159108023","3.922054373741869","-4.950356756767317","0.7066836806442828","0.5020116636000652","-8.151584178092092","0.3609859678620408"
"43288","15","39","3.099076243","-6.290672066","TRUE","118","FALSE","1.413025632","1.40998191","3.099076242530946","-6.290672066152947","3.5994343770947865","0.5020116636000652","-8.151584178092092","0.3609859678620408"
"43289","15","39","3.424745257","2.118556968","TRUE","148","FALSE","0.326473205","3.645024872","3.424745256638036","2.118556967901566","0.7939978200149542","0.5020116636000652","-8.151584178092092","0.3609859678620408"
"43290","15","39","6.914761608","-6.090892072","TRUE","146","FALSE","3.164922349","3.806349045","6.914761608176949","-6.090892072073259","1.7109674016646932","0.5020116636000652","-8.151584178092092","0.3609859678620408"
"43291","15","39","1.352109077","-4.12077212","TRUE","181","FALSE","0.554395547","3.065517368","1.3521090769963675","-4.120772120268343","4.523378966185698","0.5020116636000652","-8.151584178092092","0.3609859678620408"
"43292","15","39","-0.267466328","-4.481686477","TRUE","151","FALSE","0.414808092","2.787518901","-0.26746632769863554","-4.48168647653127","-0.8070289241247603","0.5020116636000652","-8.151584178092092","0.3609859678620408"
"43293","15","39","3.152423893","-9.722587329","TRUE","98","FALSE","1.40718152","0.845451134","3.1524238933569597","-9.722587328966537","4.353741143069806","0.5020116636000652","-8.151584178092092","0.3609859678620408"
"43294","15","39","-0.772898514","-6.27330649","TRUE","139","FALSE","0.414808092","2.787518901","-0.7728985144399494","-6.273306489835799","0.12704452086234608","0.5020116636000652","-8.151584178092092","0.3609859678620408"
"43295","15","39","1.429018401","-1.97718393","TRUE","93","FALSE","0.355527351","2.392067194","1.42901840050112","-1.9771839298354785","2.473813636388635","0.5020116636000652","-8.151584178092092","0.3609859678620408"
"43296","15","39","1.998020608","-5.292643824","TRUE","189","FALSE","0.906086709","2.024726219","1.9980206076061058","-5.292643824270152","-1.3936441130810693","0.5020116636000652","-8.151584178092092","0.3609859678620408"
"43297","15","39","4.499645061","-3.459121762","TRUE","173","FALSE","1.072797173","8.365340768","4.499645061107799","-3.459121761738714","0.16895401584902725","0.5020116636000652","-8.151584178092092","0.3609859678620408"
"43298","15","39","2.404664768","-4.058052706","TRUE","50","FALSE","1.166328253","1.552697057","2.4046647684608824","-4.058052705646055","-0.5508819377020059","0.5020116636000652","-8.151584178092092","0.3609859678620408"
"43299","15","39","3.203431953","-6.565445364","TRUE","166","FALSE","2.170913172","1.00473989","3.2034319526560493","-6.565445363890749","0.8412421613590251","0.5020116636000652","-8.151584178092092","0.3609859678620408"
"43300","15","39","5.014927337","-7.085862995","TRUE","26","FALSE","2.318341122","3.287602782","5.014927336509341","-7.085862995301972","-1.625566911521571","0.5020116636000652","-8.151584178092092","0.3609859678620408"
"43301","15","39","3.450153473","-5.913777308","TRUE","152","FALSE","1.375122552","9.350104018","3.4501534731695758","-5.913777307639132","-1.519007129965822","0.5020116636000652","-8.151584178092092","0.3609859678620408"
"43302","15","39","4.942610703","-4.703867337","TRUE","72","FALSE","1.166328253","1.552697057","4.942610703388393","-4.7038673367693455","-0.42604862163497803","0.5020116636000652","-8.151584178092092","0.3609859678620408"
"43303","15","39","3.204006766","-6.445279154","TRUE","42","FALSE","0.790040372","3.385118644","3.2040067655909565","-6.445279153531922","-0.7613256314413853","0.5020116636000652","-8.151584178092092","0.3609859678620408"
"43304","15","39","1.042786002","-8.535678592","TRUE","40","FALSE","0.659976065","3.936328981","1.0427860023819506","-8.535678592028104","2.2966814842915593","0.5020116636000652","-8.151584178092092","0.3609859678620408"
"43305","15","39","0.83422073","2.164473728","TRUE","48","FALSE","0.197932652","2.575981038","0.8342207295933077","2.164473727509964","3.087416733457793","0.5020116636000652","-8.151584178092092","0.3609859678620408"
"43306","15","39","0.523802403","-6.518315935","TRUE","180","FALSE","0.619693775","2.438316893","0.5238024029481037","-6.518315934979097","3.296926918725517","0.5020116636000652","-8.151584178092092","0.3609859678620408"
"43307","15","39","0.392001613","1.438881286","TRUE","108","FALSE","0.251805283","0.788774823","0.3920016129402033","1.4388812864153466","-0.3082676740836394","0.5020116636000652","-8.151584178092092","0.3609859678620408"
"43308","15","39","3.772070397","-5.058291928","TRUE","103","FALSE","0.739589931","1.579298038","3.772070396755255","-5.058291927934251","0.04284401625610479","0.5020116636000652","-8.151584178092092","0.3609859678620408"
"43309","15","39","3.214785333","-9.801608672","TRUE","178","FALSE","1.73612784","-0.233966483","3.214785333054663","-9.8016086718759","0.4906643318610092","0.5020116636000652","-8.151584178092092","0.3609859678620408"
"43310","15","39","8.253263729","-3.531752538","TRUE","185","FALSE","1.898220672","8.668783157","8.253263728738121","-3.5317525380736585","1.4532938519252814","0.5020116636000652","-8.151584178092092","0.3609859678620408"
"43311","15","39","3.85281184","-6.039598823","TRUE","107","FALSE","0.825164269","4.998957014","3.852811840079177","-6.039598822883743","1.0422518101505767","0.5020116636000652","-8.151584178092092","0.3609859678620408"
"43312","15","39","-2.120906043","-8.674259231","TRUE","39","FALSE","0.185112105","2.170043021","-2.120906042939128","-8.674259230970915","2.7295542748486925","0.5020116636000652","-8.151584178092092","0.3609859678620408"
"43313","15","39","3.781175848","1.614602519","TRUE","58","FALSE","0.269451056","0.817107862","3.7811758484460993","1.6146025185256843","1.835613113340298","0.5020116636000652","-8.151584178092092","0.3609859678620408"
"43314","15","39","3.974812249","-3.979748674","TRUE","143","FALSE","0.903968102","13.78487233","3.9748122486190676","-3.9797486736200582","1.3205296000774625","0.5020116636000652","-8.151584178092092","0.3609859678620408"
"43315","15","39","0.490555942","-3.825857819","TRUE","165","FALSE","0.414808092","2.787518901","0.49055594176514483","-3.8258578194370414","-1.1680597167581754","0.5020116636000652","-8.151584178092092","0.3609859678620408"
"43316","15","39","4.646674278","-6.443412158","TRUE","191","FALSE","2.412189935","1.112903876","4.6466742780927115","-6.443412157632758","-0.8301728755891931","0.5020116636000652","-8.151584178092092","0.3609859678620408"
"43317","15","39","2.269450892","-7.632161586","TRUE","59","FALSE","0.69394723","0.455042422","2.2694508916635714","-7.632161586190147","0.16437647507493414","0.5020116636000652","-8.151584178092092","0.3609859678620408"
"43318","15","39","4.588397693","1.096082527","TRUE","53","FALSE","0.294759252","1.21026393","4.588397693372735","1.0960825269440688","0.2700408588078351","0.5020116636000652","-8.151584178092092","0.3609859678620408"
"43319","15","39","1.075529943","-7.329107066","TRUE","197","FALSE","0.69394723","0.455042422","1.0755299434970658","-7.329107065588301","0.17017962887006077","0.5020116636000652","-8.151584178092092","0.3609859678620408"
"43320","15","39","-0.766776943","-0.535729766","TRUE","15","FALSE","0.336369489","2.210378607","-0.7667769426471742","-0.5357297658868472","-2.3673409874845524","0.5020116636000652","-8.151584178092092","0.3609859678620408"
"43321","15","39","4.215571539","-5.861608355","TRUE","134","FALSE","0.971712809","1.220937824","4.215571538912794","-5.861608354742308","5.872217248015582","0.5020116636000652","-8.151584178092092","0.3609859678620408"
"43322","15","39","2.839046811","1.362283909","TRUE","112","FALSE","0.303879638","8.185490962","2.8390468110772793","1.362283908635942","-1.913642767466464","0.5020116636000652","-8.151584178092092","0.3609859678620408"
"43323","15","39","3.296259608","2.655256411","TRUE","68","FALSE","0.225425835","3.156392321","3.2962596077516086","2.6552564107339816","-3.869719883669109","0.5020116636000652","-8.151584178092092","0.3609859678620408"
"43324","15","39","3.835628544","4.804527723","TRUE","195","FALSE","0.187093842","1.679703815","3.835628544057042","4.804527722547354","0.8781092356370483","0.5020116636000652","-8.151584178092092","0.3609859678620408"
"43325","15","39","3.301439606","-8.479560272","TRUE","206","FALSE","1.73612784","-0.233966483","3.3014396055486346","-8.47956027248292","0.6860351570494917","0.5020116636000652","-8.151584178092092","0.3609859678620408"
"43326","15","39","1.037223997","0.999359939","TRUE","69","FALSE","0.215222402","1.202185709","1.037223997475917","0.9993599386227456","-3.1572403790732517","0.5020116636000652","-8.151584178092092","0.3609859678620408"
"43327","15","39","1.555613195","-7.81813309","TRUE","207","FALSE","0.69394723","0.455042422","1.5556131947398446","-7.8181330903323945","-0.7219512450701999","0.5020116636000652","-8.151584178092092","0.3609859678620408"
"43328","15","39","1.041991046","-6.531661697","TRUE","80","FALSE","0.50724271","3.089701057","1.0419910464397186","-6.531661696804903","0.20315125571446635","0.5020116636000652","-8.151584178092092","0.3609859678620408"
"43329","15","39","2.846053112","-6.57886647","TRUE","71","FALSE","0.790040372","3.385118644","2.8460531124730135","-6.578866469932647","-2.8800640045095522","0.5020116636000652","-8.151584178092092","0.3609859678620408"
"43330","15","39","2.525115577","-3.678439903","TRUE","29","FALSE","0.669452706","1.138271289","2.52511557657712","-3.678439902730882","0.8475467575020558","0.5020116636000652","-8.151584178092092","0.3609859678620408"
"43331","15","261","-4.924683349","-2.209418879","TRUE","43","FALSE","0.166971521","3.34543828","-4.924683348618539","-2.20941887874475","-7.6592800307578734","-3.339165637784398","0.8026413047822696","-3.6550284049750967"
"43332","15","39","3.145428336","-0.36384777","TRUE","96","FALSE","0.379879368","0.951511815","3.1454283363485107","-0.3638477698265308","-2.842239289598705","0.5020116636000652","-8.151584178092092","0.3609859678620408"
"43333","15","39","-0.208200833","-4.959766103","TRUE","12","FALSE","0.327134921","2.369674145","-0.20820083322247407","-4.959766103086708","3.9119636005650564","0.5020116636000652","-8.151584178092092","0.3609859678620408"
"43334","15","39","7.92612168","-4.396193441","TRUE","97","FALSE","1.973098886","1.689635812","7.926121679708514","-4.3961934406141125","1.7150602853422043","0.5020116636000652","-8.151584178092092","0.3609859678620408"
"43335","15","39","1.641860848","-4.026729322","TRUE","20","FALSE","0.669452706","1.138271289","1.6418608479845327","-4.026729322048376","0.9275407748354157","0.5020116636000652","-8.151584178092092","0.3609859678620408"
"43336","15","39","2.000682443","-6.648715661","TRUE","85","FALSE","0.768959743","0.780595477","2.000682442649289","-6.64871566069281","-0.6302219080047604","0.5020116636000652","-8.151584178092092","0.3609859678620408"
"43337","15","39","1.18992679","-4.351389976","TRUE","131","FALSE","0.903968102","13.78487233","1.1899267898408334","-4.351389975909973","2.156148307543754","0.5020116636000652","-8.151584178092092","0.3609859678620408"
"43338","15","39","2.930295329","-5.408704811","TRUE","167","FALSE","0.759794408","1.265235339","2.930295328524572","-5.408704811267106","0.41378505864476867","0.5020116636000652","-8.151584178092092","0.3609859678620408"
"43339","15","39","2.973001762","5.000665886","TRUE","138","FALSE","0.187093842","1.679703815","2.9730017616189004","5.000665885687265","1.4450532348116707","0.5020116636000652","-8.151584178092092","0.3609859678620408"
"43340","15","39","3.212344457","2.749299052","TRUE","130","FALSE","0.294759252","1.21026393","3.2123444568164428","2.749299052295057","0.325585632130571","0.5020116636000652","-8.151584178092092","0.3609859678620408"
"43341","15","39","-0.100437911","-0.490777873","TRUE","183","FALSE","0.323589315","0.783455709","-0.10043791097606114","-0.4907778725655626","2.6973051580914515","0.5020116636000652","-8.151584178092092","0.3609859678620408"
"43342","15","39","3.407969001","-3.171270806","TRUE","169","FALSE","0.970820822","3.587942399","3.407969000832627","-3.171270805554148","-0.6092274539095841","0.5020116636000652","-8.151584178092092","0.3609859678620408"
"43343","15","39","-0.546895878","-3.038741826","TRUE","16","FALSE","0.313733915","3.709923423","-0.5468958780074655","-3.0387418261616173","-1.5120654478448814","0.5020116636000652","-8.151584178092092","0.3609859678620408"
"43344","15","39","7.853324638","-6.299090128","TRUE","155","FALSE","1.898220672","8.668783157","7.853324638195402","-6.299090127738625","2.3506318012374448","0.5020116636000652","-8.151584178092092","0.3609859678620408"
"43345","15","39","5.629440344","-6.151951269","TRUE","84","FALSE","2.733953173","2.473587282","5.629440344471921","-6.1519512688590945","4.3648966031896705","0.5020116636000652","-8.151584178092092","0.3609859678620408"
"43346","15","39","-0.430198452","-11.04809445","TRUE","205","FALSE","0.402696851","9.040753277","-0.4301984516546544","-11.048094450898919","0.7934855310508286","0.5020116636000652","-8.151584178092092","0.3609859678620408"
"43347","15","39","6.294166108","-9.802380135","TRUE","140","FALSE","1.397061665","2.162469729","6.294166108131584","-9.802380135454527","-3.6088516743937458","0.5020116636000652","-8.151584178092092","0.3609859678620408"
"43348","15","39","4.989915646","-10.7927338","TRUE","111","FALSE","1.397061665","2.162469729","4.989915646498376","-10.79273379912571","-4.590814559426566","0.5020116636000652","-8.151584178092092","0.3609859678620408"
"43349","15","39","5.955310245","1.454687352","TRUE","28","FALSE","0.326473205","3.645024872","5.955310244776154","1.4546873521505774","2.007700441934793","0.5020116636000652","-8.151584178092092","0.3609859678620408"
"43350","15","39","-0.651423351","-3.841010288","TRUE","23","FALSE","0.414808092","2.787518901","-0.6514233507985803","-3.8410102882869475","-1.0812740744409464","0.5020116636000652","-8.151584178092092","0.3609859678620408"
"43351","15","39","1.539137042","-5.045296055","TRUE","160","FALSE","0.652937195","3.159108023","1.5391370422729227","-5.0452960550081585","-1.5313451299119225","0.5020116636000652","-8.151584178092092","0.3609859678620408"
"43352","15","39","3.961626881","0.615591365","TRUE","10","FALSE","0.397983283","5.935327838","3.961626881200481","0.6155913650735463","-3.822425522312769","0.5020116636000652","-8.151584178092092","0.3609859678620408"
"43353","15","39","6.219408225","-5.981004601","TRUE","199","FALSE","1.973098886","1.689635812","6.219408225102735","-5.9810046005600945","1.6720817281704536","0.5020116636000652","-8.151584178092092","0.3609859678620408"
"43354","15","261","-2.498273104","-5.073438142","TRUE","200","FALSE","0.166971521","3.34543828","-2.4982731037781227","-5.073438142418377","-10.070264572323818","-3.339165637784398","0.8026413047822696","-3.6550284049750967"
"43355","15","39","3.288945458","0.101454701","TRUE","79","FALSE","0.303879638","8.185490962","3.2889454575584205","0.10145470136713675","-2.8153421134224543","0.5020116636000652","-8.151584178092092","0.3609859678620408"
"43356","15","39","2.312957827","-0.734173331","TRUE","94","FALSE","0.313241113","6.009757685","2.3129578268033892","-0.7341733308244742","-2.6735712859066365","0.5020116636000652","-8.151584178092092","0.3609859678620408"
"43357","15","39","7.001241352","-8.408308231","TRUE","95","FALSE","4.412536481","0.107464043","7.001241352154091","-8.408308231110118","-3.0270950409613135","0.5020116636000652","-8.151584178092092","0.3609859678620408"
"43358","15","39","7.442374067","-7.057706791","TRUE","8","FALSE","2.733953173","2.473587282","7.4423740673381245","-7.0577067905081226","3.7733505648727528","0.5020116636000652","-8.151584178092092","0.3609859678620408"
"43359","15","39","0.089701374","-3.168775625","TRUE","2","FALSE","0.531380646","5.859205971","0.08970137404614764","-3.16877562483786","-0.6233686428905626","0.5020116636000652","-8.151584178092092","0.3609859678620408"
"43360","15","39","-1.041225208","-3.106937513","TRUE","13","FALSE","0.249006421","9.158858451","-1.0412252077006103","-3.1069375130523955","0.9514728119317302","0.5020116636000652","-8.151584178092092","0.3609859678620408"
"43361","15","39","-1.001841736","-4.927587099","TRUE","120","FALSE","0.392835618","1.752852352","-1.00184173641912","-4.927587098552003","-1.3096869041633457","0.5020116636000652","-8.151584178092092","0.3609859678620408"
"43362","15","39","3.140319605","-3.535045198","TRUE","127","FALSE","0.835708581","2.050934488","3.1403196046567103","-3.5350451980575723","3.56553234164326","0.5020116636000652","-8.151584178092092","0.3609859678620408"
"43363","15","39","1.041912452","-4.05051399","TRUE","119","FALSE","0.759794408","1.265235339","1.041912451912804","-4.050513989996491","2.860578684548483","0.5020116636000652","-8.151584178092092","0.3609859678620408"
"43364","15","39","0.341568058","-3.10025299","TRUE","101","FALSE","0.355527351","2.392067194","0.34156805848819416","-3.100252990097072","0.4475072518925687","0.5020116636000652","-8.151584178092092","0.3609859678620408"
"43365","15","39","2.651685282","0.630725219","TRUE","54","FALSE","0.269451056","0.817107862","2.6516852821955585","0.6307252187764665","1.5615227542840338","0.5020116636000652","-8.151584178092092","0.3609859678620408"
"43366","105","161","-0.248364063","5.116831385","TRUE","150","FALSE","0.255921041","3.466709425","-0.24836406314805315","5.116831384514792","6.234429749742353","-2.2960553351926536","5.286882358615311","3.6907933018081294"
"43367","105","161","-4.549185369","8.40832468","TRUE","207","FALSE","0.857211943","9.932628593","-4.549185368683404","8.408324680477968","-1.4195950766134604","-2.2960553351926536","5.286882358615311","3.6907933018081294"
"43368","105","161","-4.763309497","5.210740161","TRUE","7","FALSE","2.303813659","1.557463224","-4.763309497429183","5.210740160535903","0.21594624453673372","-2.2960553351926536","5.286882358615311","3.6907933018081294"
"43369","105","161","-2.480618456","3.490851144","TRUE","56","FALSE","0.580526592","1.449085685","-2.4806184563828486","3.4908511436717657","2.1462388240590693","-2.2960553351926536","5.286882358615311","3.6907933018081294"
"43370","105","161","-2.890009263","-1.400129738","TRUE","203","FALSE","0.197919575","0.869591765","-2.8900092634995365","-1.4001297384014824","-2.057091980117338","-2.2960553351926536","5.286882358615311","3.6907933018081294"
"43371","105","161","-3.057731852","5.584604779","TRUE","4","FALSE","0.568644863","1.063186083","-3.0577318519599315","5.584604779060699","2.3200556660860006","-2.2960553351926536","5.286882358615311","3.6907933018081294"
"43372","105","161","-3.152084954","-0.013682114","TRUE","192","FALSE","0.225535513","3.818690522","-3.1520849542648395","-0.013682114094495823","-3.531501049207749","-2.2960553351926536","5.286882358615311","3.6907933018081294"
"43373","105","161","-1.31708511","0.832708189","TRUE","153","FALSE","0.368965136","4.558407625","-1.3170851098838017","0.8327081890711778","-5.287228818203768","-2.2960553351926536","5.286882358615311","3.6907933018081294"
"43374","105","161","-5.684121291","3.814061819","TRUE","135","FALSE","0.75851276","1.68553113","-5.6841212914396575","3.8140618185647","-5.4049257004606135","-2.2960553351926536","5.286882358615311","3.6907933018081294"
"43375","105","161","-3.089829161","2.07178005","TRUE","92","FALSE","0.368965136","4.558407625","-3.089829160726619","2.071780050405751","-4.555989461264111","-2.2960553351926536","5.286882358615311","3.6907933018081294"
"43376","105","161","-2.970634184","4.510459131","TRUE","122","FALSE","0.438420432","1.486373716","-2.9706341838467583","4.510459130835242","6.546776031296114","-2.2960553351926536","5.286882358615311","3.6907933018081294"
"43377","105","161","-2.600995456","0.944493913","TRUE","182","FALSE","0.428649853","1.36051342","-2.6009954557420585","0.9444939130643477","5.079260626636113","-2.2960553351926536","5.286882358615311","3.6907933018081294"
"43378","105","161","-6.24132372","5.451829572","TRUE","163","FALSE","2.118032493","5.473610738","-6.2413237199963145","5.451829571626191","4.479285431359562","-2.2960553351926536","5.286882358615311","3.6907933018081294"
"43379","105","161","-4.476423096","9.692585456","TRUE","5","FALSE","0.668992514","3.112313982","-4.476423096053767","9.692585456392862","-2.172138735113411","-2.2960553351926536","5.286882358615311","3.6907933018081294"
"43380","105","161","-5.249510034","4.591386281","TRUE","114","FALSE","1.214482303","-0.226350104","-5.249510034174701","4.591386280755887","-1.4268400406175628","-2.2960553351926536","5.286882358615311","3.6907933018081294"
"43381","105","161","-0.111305988","-2.51367891","TRUE","33","FALSE","0.200683235","0.677403414","-0.11130598786762835","-2.513678910311766","-1.207107186706688","-2.2960553351926536","5.286882358615311","3.6907933018081294"
"43382","105","161","-7.317389944","3.552246734","TRUE","113","FALSE","2.16369859","1.325049946","-7.317389943562515","3.5522467344775053","1.8450183224113528","-2.2960553351926536","5.286882358615311","3.6907933018081294"
"43383","105","161","-4.8547192","3.504296868","TRUE","178","FALSE","0.634083386","2.622453933","-4.854719199989173","3.504296868438344","1.57050143894479","-2.2960553351926536","5.286882358615311","3.6907933018081294"
"43384","105","161","-1.157724833","6.105638646","TRUE","198","FALSE","0.285752389","2.517030696","-1.1577248325409277","6.1056386461167484","5.150766708631957","-2.2960553351926536","5.286882358615311","3.6907933018081294"
"43385","105","161","-8.438149537","1.631473545","TRUE","16","FALSE","0.485203746","2.977021298","-8.438149536853144","1.631473545107146","6.651782974743324","-2.2960553351926536","5.286882358615311","3.6907933018081294"
"43386","105","161","-1.434355431","1.805422444","TRUE","77","FALSE","0.368965136","4.558407625","-1.4343554312339404","1.8054224443634181","-4.549766907396235","-2.2960553351926536","5.286882358615311","3.6907933018081294"
"43387","105","161","-6.059622182","5.104536465","TRUE","66","FALSE","2.303813659","1.557463224","-6.059622181780057","5.104536464630238","1.9960483357402834","-2.2960553351926536","5.286882358615311","3.6907933018081294"
"43388","105","161","-4.267969325","4.821611426","TRUE","81","FALSE","1.515648906","2.16499662","-4.2679693250674555","4.821611425511038","1.3347645980528364","-2.2960553351926536","5.286882358615311","3.6907933018081294"
"43389","105","161","-0.829797474","2.758348259","TRUE","201","FALSE","0.247672379","3.590505558","-0.8297974742135921","2.7583482592085637","4.8364174508910365","-2.2960553351926536","5.286882358615311","3.6907933018081294"
"43390","105","161","-3.381454287","0.609233888","TRUE","174","FALSE","0.285112311","4.642134662","-3.3814542867601065","0.6092338881019005","4.867155758286868","-2.2960553351926536","5.286882358615311","3.6907933018081294"
"43391","105","161","-4.564592932","4.363442877","TRUE","17","FALSE","0.580526592","1.449085685","-4.564592931838565","4.363442876654857","2.0086443348732095","-2.2960553351926536","5.286882358615311","3.6907933018081294"
"43392","105","161","-5.085192984","8.953968723","TRUE","193","FALSE","1.675481986","7.403869014","-5.085192983616006","8.953968722543856","-2.534460643797015","-2.2960553351926536","5.286882358615311","3.6907933018081294"
"43393","105","161","-5.221073126","6.897329995","TRUE","138","FALSE","3.213013595","-1.004047213","-5.2210731259477114","6.897329995163981","2.4328157197931572","-2.2960553351926536","5.286882358615311","3.6907933018081294"
"43394","105","161","-3.295092472","3.11643666","TRUE","112","FALSE","0.425292529","3.221165693","-3.295092471512788","3.1164366600911464","-3.740928777257895","-2.2960553351926536","5.286882358615311","3.6907933018081294"
"43395","105","161","-3.038589135","5.162226796","TRUE","21","FALSE","0.568644863","1.063186083","-3.0385891352647936","5.162226796079423","1.1571052060992102","-2.2960553351926536","5.286882358615311","3.6907933018081294"
"43396","105","161","-3.61267892","-0.432831375","TRUE","79","FALSE","0.508369446","1.13138106","-3.612678919875032","-0.4328313750867192","5.0493586902845475","-2.2960553351926536","5.286882358615311","3.6907933018081294"
"43397","105","161","-6.51840474","2.57214138","TRUE","91","FALSE","0.776487109","1.817543216","-6.51840473972179","2.572141379831348","6.628985136531547","-2.2960553351926536","5.286882358615311","3.6907933018081294"
"43398","105","161","-6.545072903","2.419901648","TRUE","61","FALSE","0.776487109","1.817543216","-6.545072903464108","2.4199016478841897","5.620823720520821","-2.2960553351926536","5.286882358615311","3.6907933018081294"
"43399","105","161","0.483356757","3.600849028","TRUE","85","FALSE","0.232642423","6.105852306","0.4833567568992547","3.600849027934455","7.591647373344425","-2.2960553351926536","5.286882358615311","3.6907933018081294"
"43400","105","161","-2.088528346","-2.421458818","TRUE","73","FALSE","0.200683235","0.677403414","-2.0885283462840967","-2.4214588184103905","-2.403833258509998","-2.2960553351926536","5.286882358615311","3.6907933018081294"
"43401","105","161","-4.858068062","8.693759298","TRUE","0","FALSE","0.857211943","9.932628593","-4.858068061663744","8.69375929773986","-0.46096881869946604","-2.2960553351926536","5.286882358615311","3.6907933018081294"
"43402","105","161","-3.508273293","-0.608583893","TRUE","46","FALSE","0.285112311","4.642134662","-3.5082732925948044","-0.6085838930605714","4.431513309718514","-2.2960553351926536","5.286882358615311","3.6907933018081294"
"43403","105","161","-1.64121843","-0.228523857","TRUE","35","FALSE","0.225535513","3.818690522","-1.6412184298856445","-0.22852385675239506","-1.3119277830039415","-2.2960553351926536","5.286882358615311","3.6907933018081294"
"43404","105","161","-4.658774408","3.08856187","TRUE","105","FALSE","1.414329811","1.865542995","-4.658774408319231","3.0885618701618784","0.24693886479891702","-2.2960553351926536","5.286882358615311","3.6907933018081294"
"43405","105","161","-2.187758915","4.384810484","TRUE","170","FALSE","0.404017223","1.792816663","-2.1877589148357863","4.384810484402518","3.0044642012431932","-2.2960553351926536","5.286882358615311","3.6907933018081294"
"43406","105","161","-0.35956715","4.377966785","TRUE","117","FALSE","0.301799418","3.270982702","-0.3595671501870459","4.3779667849012665","8.339502379996468","-2.2960553351926536","5.286882358615311","3.6907933018081294"
"43407","105","161","-3.081655107","5.229571062","TRUE","104","FALSE","0.404017223","1.792816663","-3.0816551069263762","5.229571062480156","1.3596563376852528","-2.2960553351926536","5.286882358615311","3.6907933018081294"
"43408","105","161","0.773877268","4.169427978","TRUE","72","FALSE","0.274649874","2.253539563","0.7738772676929592","4.169427978498211","3.469391881808063","-2.2960553351926536","5.286882358615311","3.6907933018081294"
"43409","105","161","-6.764450454","5.352128546","TRUE","55","FALSE","1.414329811","1.865542995","-6.764450453804248","5.352128545843364","0.7645037469894034","-2.2960553351926536","5.286882358615311","3.6907933018081294"
"43410","105","161","-3.111828059","2.089933187","TRUE","173","FALSE","0.468140439","2.504553352","-3.111828058853864","2.0899331870281435","4.203873063120522","-2.2960553351926536","5.286882358615311","3.6907933018081294"
"43411","105","161","-0.715891593","8.353434106","TRUE","132","FALSE","0.438107089","2.340820523","-0.7158915926928826","8.353434106125535","2.5433147717279394","-2.2960553351926536","5.286882358615311","3.6907933018081294"
"43412","105","161","-6.957483075","6.506927703","TRUE","45","FALSE","1.914836358","4.747324063","-6.957483075469959","6.506927702640946","4.106260360371959","-2.2960553351926536","5.286882358615311","3.6907933018081294"
"43413","105","161","-5.033034544","6.740798027","TRUE","184","FALSE","2.122812166","2.241068832","-5.033034544398555","6.740798026556316","2.8325138938175987","-2.2960553351926536","5.286882358615311","3.6907933018081294"
"43414","105","161","-7.572862241","2.503420623","TRUE","27","FALSE","0.485203746","2.977021298","-7.572862241346806","2.50342062261111","8.012213941744534","-2.2960553351926536","5.286882358615311","3.6907933018081294"
"43415","105","161","-7.053422714","3.961116738","TRUE","32","FALSE","1.399963577","1.298766334","-7.053422713715431","3.961116738076279","-4.787643549022627","-2.2960553351926536","5.286882358615311","3.6907933018081294"
"43416","105","161","-1.736745223","5.10007327","TRUE","90","FALSE","0.424849491","3.362498773","-1.7367452228533462","5.100073269924191","3.2270854251680983","-2.2960553351926536","5.286882358615311","3.6907933018081294"
"43417","105","161","-6.719345039","3.34081068","TRUE","124","FALSE","2.16369859","1.325049946","-6.719345039016654","3.3408106804807645","1.5487797617305747","-2.2960553351926536","5.286882358615311","3.6907933018081294"
"43418","105","161","-4.302643772","-0.211238252","TRUE","1","FALSE","0.412501013","0.184640037","-4.302643772432713","-0.21123825241091265","3.9268660623322407","-2.2960553351926536","5.286882358615311","3.6907933018081294"
"43419","105","161","-4.521234433","7.384898871","TRUE","22","FALSE","1.914836358","4.747324063","-4.521234432704625","7.384898870567131","3.219958641403047","-2.2960553351926536","5.286882358615311","3.6907933018081294"
"43420","105","161","-5.685504864","3.084037768","TRUE","36","FALSE","1.124925052","13.09125099","-5.685504863563635","3.0840377675825845","2.3630981927058414","-2.2960553351926536","5.286882358615311","3.6907933018081294"
"43421","105","161","-3.279002576","1.606898779","TRUE","159","FALSE","0.468140439","2.504553352","-3.2790025759815293","1.6068987789325415","4.674604335839923","-2.2960553351926536","5.286882358615311","3.6907933018081294"
"43422","105","161","-7.725597894","2.93456955","TRUE","194","FALSE","0.776487109","1.817543216","-7.725597893557581","2.9345695503690163","6.17243387678318","-2.2960553351926536","5.286882358615311","3.6907933018081294"
"43423","105","161","-5.540302581","-0.78110255","TRUE","64","FALSE","0.354644404","4.26096959","-5.54030258118621","-0.7811025495591095","7.005141516305844","-2.2960553351926536","5.286882358615311","3.6907933018081294"
"43424","105","161","-1.816707038","1.415984815","TRUE","156","FALSE","0.309704078","3.854755968","-1.8167070382928874","1.415984814640721","-1.088980061946283","-2.2960553351926536","5.286882358615311","3.6907933018081294"
"43425","105","161","-0.724744092","3.922804585","TRUE","89","FALSE","0.305534895","6.600745441","-0.7247440918354815","3.922804584779945","4.931771222904461","-2.2960553351926536","5.286882358615311","3.6907933018081294"
"43426","105","161","0.110263728","7.545558758","TRUE","136","FALSE","0.233687422","2.132140277","0.11026372836156062","7.5455587582135815","-2.815629846841637","-2.2960553351926536","5.286882358615311","3.6907933018081294"
"43427","105","161","-3.1937998","1.926012428","TRUE","26","FALSE","0.468140439","2.504553352","-3.1937998001173193","1.9260124284152624","5.814223175135502","-2.2960553351926536","5.286882358615311","3.6907933018081294"
"43428","105","161","-5.115457539","4.444888211","TRUE","99","FALSE","1.9479972","1.642245899","-5.115457538636362","4.444888211021088","4.202487754763719","-2.2960553351926536","5.286882358615311","3.6907933018081294"
"43429","105","161","-6.524278365","3.298303051","TRUE","19","FALSE","1.9479972","1.642245899","-6.524278365138387","3.298303051067775","3.032275874199045","-2.2960553351926536","5.286882358615311","3.6907933018081294"
"43430","105","161","-7.157133273","9.230513347","TRUE","38","FALSE","1.675481986","7.403869014","-7.157133273313104","9.230513346588522","-3.9790946279314947","-2.2960553351926536","5.286882358615311","3.6907933018081294"
"43431","105","161","-4.311106837","5.884922653","TRUE","88","FALSE","2.303813659","1.557463224","-4.311106837364038","5.884922652810306","0.14647285417174238","-2.2960553351926536","5.286882358615311","3.6907933018081294"
"43432","105","161","-5.114516411","6.528291154","TRUE","47","FALSE","1.675481986","7.403869014","-5.114516410913011","6.5282911544509385","-3.021300795981303","-2.2960553351926536","5.286882358615311","3.6907933018081294"
"43433","105","161","-1.141453005","2.62486265","TRUE","57","FALSE","0.305534895","6.600745441","-1.1414530046665126","2.624862650110159","3.12034632694428","-2.2960553351926536","5.286882358615311","3.6907933018081294"
"43434","105","161","-0.482534301","5.486745454","TRUE","121","FALSE","0.424849491","3.362498773","-0.4825343010904626","5.486745454139612","1.514347912006237","-2.2960553351926536","5.286882358615311","3.6907933018081294"
"43435","105","161","-5.973101612","3.564674829","TRUE","18","FALSE","1.515648906","2.16499662","-5.973101611773028","3.5646748291933243","1.9982181139001725","-2.2960553351926536","5.286882358615311","3.6907933018081294"
"43436","105","161","-0.846386389","4.934133211","TRUE","204","FALSE","0.363762978","4.62681746","-0.8463863886636309","4.934133211191059","5.927871786277395","-2.2960553351926536","5.286882358615311","3.6907933018081294"
"43437","105","161","1.64030735","6.487814719","TRUE","34","FALSE","0.202024719","2.0179836","1.6403073499355192","6.4878147192463285","-2.615710378381279","-2.2960553351926536","5.286882358615311","3.6907933018081294"
"43438","105","161","-4.0677262","5.24273905","TRUE","41","FALSE","0.782046394","9.216398786","-4.0677262002044525","5.2427390501382325","-2.4248869539554185","-2.2960553351926536","5.286882358615311","3.6907933018081294"
"43439","105","161","-1.153085265","5.168207794","TRUE","126","FALSE","0.301799418","3.270982702","-1.1530852653853958","5.168207793517246","8.596571125471364","-2.2960553351926536","5.286882358615311","3.6907933018081294"
"43440","105","161","-1.118608431","-2.427227776","TRUE","133","FALSE","0.172523079","3.248363412","-1.1186084312584679","-2.427227775566664","0.7078682222669725","-2.2960553351926536","5.286882358615311","3.6907933018081294"
"43441","105","161","-3.591168122","5.529624416","TRUE","110","FALSE","0.568644863","1.063186083","-3.591168122043881","5.529624416019127","1.4179839257391835","-2.2960553351926536","5.286882358615311","3.6907933018081294"
"43442","105","161","-1.019208431","5.335796355","TRUE","49","FALSE","0.404017223","1.792816663","-1.0192084311892629","5.33579635539618","1.5758191230597025","-2.2960553351926536","5.286882358615311","3.6907933018081294"
"43443","105","161","-1.445332023","0.175666261","TRUE","130","FALSE","0.285112311","4.642134662","-1.4453320230687121","0.1756662607913504","4.66139028320865","-2.2960553351926536","5.286882358615311","3.6907933018081294"
"43444","105","161","0.632695752","4.982427393","TRUE","24","FALSE","0.285752389","2.517030696","0.6326957516551486","4.982427392588033","7.057932272129182","-2.2960553351926536","5.286882358615311","3.6907933018081294"
"43445","105","161","-3.80640013","7.424308928","TRUE","44","FALSE","0.780789456","1.474280109","-3.8064001304510757","7.424308928135222","5.4880415584439834","-2.2960553351926536","5.286882358615311","3.6907933018081294"
"43446","105","161","-3.553223178","0.111490472","TRUE","129","FALSE","0.412501013","0.184640037","-3.5532231781699313","0.1114904722192116","6.047805443482314","-2.2960553351926536","5.286882358615311","3.6907933018081294"
"43447","105","161","-2.240904087","6.545890005","TRUE","171","FALSE","0.857211943","9.932628593","-2.240904087496327","6.5458900054132085","1.0216678942839723","-2.2960553351926536","5.286882358615311","3.6907933018081294"
"43448","105","161","-1.400487085","4.920102996","TRUE","202","FALSE","0.255921041","3.466709425","-1.4004870848314108","4.920102996183437","6.356362755995195","-2.2960553351926536","5.286882358615311","3.6907933018081294"
"43449","105","161","-1.137851682","4.694525266","TRUE","125","FALSE","0.274649874","2.253539563","-1.1378516822447693","4.694525266413805","4.845253962754631","-2.2960553351926536","5.286882358615311","3.6907933018081294"
"43450","105","161","-1.96038221","-2.128237021","TRUE","102","FALSE","0.197919575","0.869591765","-1.9603822104949415","-2.128237021142799","-0.8941895496328206","-2.2960553351926536","5.286882358615311","3.6907933018081294"
"43451","105","161","-2.618853704","5.802427114","TRUE","62","FALSE","0.782046394","9.216398786","-2.6188537039619604","5.802427114485028","-0.833998491418374","-2.2960553351926536","5.286882358615311","3.6907933018081294"
"43452","105","161","-7.14412455","8.254371981","TRUE","168","FALSE","1.914836358","4.747324063","-7.144124549500274","8.254371981410142","2.6962814000591067","-2.2960553351926536","5.286882358615311","3.6907933018081294"
"43453","105","161","-2.942199661","-3.829492701","TRUE","82","FALSE","0.197919575","0.869591765","-2.942199660826772","-3.8294927009159574","-2.989666861603403","-2.2960553351926536","5.286882358615311","3.6907933018081294"
"43454","105","161","-7.252847319","3.623917591","TRUE","63","FALSE","0.935316034","0.423422104","-7.252847319366005","3.6239175906560863","-8.52208581058561","-2.2960553351926536","5.286882358615311","3.6907933018081294"
"43455","105","161","-1.137876097","1.384614094","TRUE","158","FALSE","0.425292529","3.221165693","-1.1378760970692472","1.384614094131288","-1.922185451599721","-2.2960553351926536","5.286882358615311","3.6907933018081294"
"43456","105","161","-9.158775759","1.312172559","TRUE","187","FALSE","0.485203746","2.977021298","-9.158775759161918","1.312172558599754","7.787206299146121","-2.2960553351926536","5.286882358615311","3.6907933018081294"
"43457","105","161","-0.441466923","3.188220599","TRUE","14","FALSE","0.232642423","6.105852306","-0.44146692280373045","3.1882205985532863","7.501573503121513","-2.2960553351926536","5.286882358615311","3.6907933018081294"
"43458","105","161","-5.650378644","7.320281477","TRUE","172","FALSE","2.989581104","8.38617339","-5.650378643623003","7.320281477282382","2.448350478393563","-2.2960553351926536","5.286882358615311","3.6907933018081294"
"43459","105","161","0.069217853","5.76284385","TRUE","176","FALSE","0.202024719","2.0179836","0.06921785336840092","5.7628438499803405","-3.3197956627677216","-2.2960553351926536","5.286882358615311","3.6907933018081294"
"43460","105","161","-1.19189111","5.40386435","TRUE","109","FALSE","0.285752389","2.517030696","-1.191891109555451","5.403864349922984","5.135727937740294","-2.2960553351926536","5.286882358615311","3.6907933018081294"
"43461","105","161","0.881538985","4.096117191","TRUE","20","FALSE","0.284158529","0.674494795","0.881538984764519","4.096117191062778","2.076793311258898","-2.2960553351926536","5.286882358615311","3.6907933018081294"
"43462","105","161","-0.693294277","5.36079727","TRUE","147","FALSE","0.285752389","2.517030696","-0.6932942766912799","5.360797270479964","5.650732991411548","-2.2960553351926536","5.286882358615311","3.6907933018081294"
"43463","105","161","-3.051471875","0.695380116","TRUE","65","FALSE","0.304052635","2.279162129","-3.051471874782909","0.6953801159778179","-3.3731868216306147","-2.2960553351926536","5.286882358615311","3.6907933018081294"
"43464","105","161","-4.238162796","2.912846483","TRUE","188","FALSE","0.584522929","2.535608395","-4.238162796456184","2.9128464829202594","-1.3258029037268524","-2.2960553351926536","5.286882358615311","3.6907933018081294"
"43465","105","161","1.24425955","6.140558454","TRUE","25","FALSE","0.285752389","2.517030696","1.2442595495763498","6.140558453929425","6.138120007451375","-2.2960553351926536","5.286882358615311","3.6907933018081294"
"43466","105","161","-6.92970575","8.078948218","TRUE","86","FALSE","1.914836358","4.747324063","-6.9297057502883455","8.078948218173984","3.932840070936715","-2.2960553351926536","5.286882358615311","3.6907933018081294"
"43467","105","161","-2.533689814","6.818495232","TRUE","144","FALSE","0.857211943","9.932628593","-2.5336898135055423","6.818495232359242","0.7928800595179702","-2.2960553351926536","5.286882358615311","3.6907933018081294"
"43468","105","161","-3.250375171","2.679929687","TRUE","31","FALSE","0.425292529","3.221165693","-3.250375171480268","2.6799296868624762","-3.2267053258493776","-2.2960553351926536","5.286882358615311","3.6907933018081294"
"43469","105","161","0.563052934","6.805256924","TRUE","162","FALSE","0.285752389","2.517030696","0.5630529336940971","6.805256924409754","6.006107196736087","-2.2960553351926536","5.286882358615311","3.6907933018081294"
"43470","105","161","-5.010442961","4.600092707","TRUE","83","FALSE","0.864209112","4.803721834","-5.0104429605996526","4.600092706508423","-0.40244733487392303","-2.2960553351926536","5.286882358615311","3.6907933018081294"
"43471","105","161","-2.196507528","7.111089231","TRUE","157","FALSE","0.436949117","0.5779551","-2.196507528139999","7.1110892306514","3.7732257539225893","-2.2960553351926536","5.286882358615311","3.6907933018081294"
"43472","105","161","0.829634688","3.34879154","TRUE","145","FALSE","0.232642423","6.105852306","0.8296346879309446","3.3487915403874515","4.589071998636748","-2.2960553351926536","5.286882358615311","3.6907933018081294"
"43473","105","161","-1.488436409","3.300773958","TRUE","37","FALSE","0.404017223","1.792816663","-1.4884364093642697","3.30077395754618","1.1626884684823544","-2.2960553351926536","5.286882358615311","3.6907933018081294"
"43474","105","161","-6.942113509","7.6786873","TRUE","190","FALSE","2.118032493","5.473610738","-6.9421135088662815","7.678687300156529","3.9393413837827826","-2.2960553351926536","5.286882358615311","3.6907933018081294"
"43475","105","161","-0.107052119","4.921960407","TRUE","116","FALSE","0.323647355","4.1753317","-0.10705211889958732","4.9219604070233895","4.416260766013947","-2.2960553351926536","5.286882358615311","3.6907933018081294"
"43476","105","161","-4.149665719","1.226813217","TRUE","177","FALSE","0.508369446","1.13138106","-4.149665719483869","1.2268132174899742","6.265790403958688","-2.2960553351926536","5.286882358615311","3.6907933018081294"
"43477","105","161","-5.006414001","1.729182477","TRUE","51","FALSE","0.661323636","0.589660336","-5.006414000704336","1.7291824765409678","-4.179012285368671","-2.2960553351926536","5.286882358615311","3.6907933018081294"
"43478","105","161","-5.874605476","7.531506742","TRUE","179","FALSE","1.914836358","4.747324063","-5.874605476289952","7.531506741773899","2.57303891718068","-2.2960553351926536","5.286882358615311","3.6907933018081294"
"43479","105","161","1.152234591","0.111550104","TRUE","115","FALSE","0.222840507","7.711036226","1.152234591423338","0.11155010353679995","-2.3484900707031313","-2.2960553351926536","5.286882358615311","3.6907933018081294"
"43480","105","161","-6.512075164","5.76277415","TRUE","87","FALSE","3.213013595","-1.004047213","-6.512075164251413","5.762774150115512","4.195958808495255","-2.2960553351926536","5.286882358615311","3.6907933018081294"
"43481","105","161","1.347634432","6.359137728","TRUE","146","FALSE","0.284158529","0.674494795","1.3476344316567472","6.359137728219298","2.2393643950704565","-2.2960553351926536","5.286882358615311","3.6907933018081294"
"43482","105","161","-3.145640109","1.497943736","TRUE","76","FALSE","0.580526592","1.449085685","-3.1456401090100528","1.4979437361734491","2.0741819081133235","-2.2960553351926536","5.286882358615311","3.6907933018081294"
"43483","105","161","-0.813594494","0.795746769","TRUE","78","FALSE","0.222840507","7.711036226","-0.8135944938363329","0.79574676876973","-0.2751856113422093","-2.2960553351926536","5.286882358615311","3.6907933018081294"
"43484","105","161","-5.121708214","7.595859591","TRUE","74","FALSE","3.213013595","-1.004047213","-5.1217082138943155","7.595859590753341","2.0337408351510255","-2.2960553351926536","5.286882358615311","3.6907933018081294"
"43485","105","161","-2.477879392","3.287027971","TRUE","100","FALSE","0.404017223","1.792816663","-2.4778793916468307","3.2870279709139374","2.5506518559729487","-2.2960553351926536","5.286882358615311","3.6907933018081294"
"43486","105","161","-6.954820446","5.653754885","TRUE","195","FALSE","1.9479972","1.642245899","-6.9548204462380205","5.653754885165735","3.8216522170817555","-2.2960553351926536","5.286882358615311","3.6907933018081294"
"43487","105","161","-9.126665578","2.879889683","TRUE","137","FALSE","0.776487109","1.817543216","-9.126665578216818","2.879889683268377","7.55122600152086","-2.2960553351926536","5.286882358615311","3.6907933018081294"
"43488","105","161","0.165768838","3.991397266","TRUE","70","FALSE","0.301799418","3.270982702","0.16576883838683865","3.991397265781433","5.842695973579644","-2.2960553351926536","5.286882358615311","3.6907933018081294"
"43489","105","161","-6.38527403","1.160165148","TRUE","196","FALSE","0.417431137","0.71232345","-6.385274030095906","1.160165148314112","5.60379642320588","-2.2960553351926536","5.286882358615311","3.6907933018081294"
"43490","105","161","-2.942019867","-1.102336712","TRUE","11","FALSE","0.225535513","3.818690522","-2.9420198666430006","-1.1023367118255705","-0.9704697505723836","-2.2960553351926536","5.286882358615311","3.6907933018081294"
